feature,mean_rating_if_1,mean_rating_if_0,delta_mean,n1,n0
motivate_Meaningful work impact,6.421461897356143,6.204979253112033,0.21648264424410968,643,1205
motivate_Learning and development,6.352941176470588,6.276059564719358,0.07688161175122943,102,1746
motivate_Career growth opportunities,6.3375,6.264502762430939,0.07299723756906129,400,1448
motivate_Job security,6.324110671936759,6.273354231974921,0.05075643996183743,253,1595
motivate_Work-life balance,6.0875706214689265,6.325970548862115,-0.23839992739318827,354,1494
motivate_Compensation package,5.831460674157303,6.303013075611143,-0.4715524014538399,89,1759
motivate_Other - Write In (Required),2.857142857142857,6.2933188484519285,-3.4361759913090713,7,1841
