feature,var_rating_if_1,var_rating_if_0,var_gap,n1,n0
learn_compensation_and_benefits,4.660915535263727,3.616484619690682,1.0444309155730447,1190,658
learn_career_progression_and_development,4.233388577296291,4.351494859945299,-0.11810628264900735,1387,461
learn_application_and_interview_process,4.1168883642164,4.359818858598189,-0.24293049438178915,534,1314
learn_work_life_balance_and_culture,4.121127855345362,4.465996975713362,-0.3448691203680001,1015,833
learn_types_of_roles_available,4.197453231727243,4.6081148365909215,-0.4106616048636784,1413,435
