demo_col,n1,n0,mean_if_demo_1,mean_if_demo_0,diff_mean,abs_diff_mean,median_if_demo_1,median_if_demo_0,diff_median,var_if_demo_1,var_if_demo_0,diff_var
ctrl_discipline_Business & Economics,118,1730,7.203389830508475,6.217341040462427,0.9860487900460475,0.9860487900460475,7.0,6.0,1.0,3.855714906562364,4.261584597331479,-0.4058696907691153
ctrl_is_local_AU,1691,157,6.342992312241277,5.6050955414012735,0.7378967708400035,0.7378967708400035,6.0,6.0,0.0,3.9651268987574313,7.35587130491589,-3.390744406158459
ctrl_year_Year 3,386,1462,5.7072538860103625,6.431600547195623,-0.72434666118526,0.72434666118526,6.0,7.0,-1.0,5.002388802906938,3.997713932046244,1.0046748708606943
